stockid,n_SSU,n_sampled_onceplus,n_nonzero,times_sampled_mean,times_sampled_median
1,151,148,139,7.5,7
2,6,4,3,3.5,2
3,108,69,46,17.3478260869565,11
4,55,55,31,9.85454545454546,6
5,50,49,29,33.8775510204082,11
6,223,216,145,17.3194444444444,7
7,254,253,166,10.1383399209486,8
8,64,63,49,30.2063492063492,18
9,73,73,54,13.2739726027397,13
10,87,87,71,19.2873563218391,15
11,82,79,70,8.83544303797468,9
12,158,157,121,16.0573248407643,9
NA,NA,NA,NA,14.8427773343974,9
